id,movie_id,reviewer,rating,content,comment_time,sentiment,created_at
1,1,文泽尔,4.0,人的生命不过是从一个洞穴通往另一个世界..然后在那个世界的雨中继续颤抖.i hope,2008-01-14 01:53:08,,2026-04-22 14:23:26
2,1,如小果,5.0,恐惧让你沦为囚犯，希望让你重获自由。——《肖申克的救赎》,2008-02-27 21:43:23,,2026-04-22 14:23:26
3,1,犀牛,5.0,当年的奥斯卡颁奖礼上，被如日中天的《阿甘正传》掩盖了它的光彩，而随着时间的推移，这部电影在越来越多的人们心中的地位已超越了《阿甘》。每当现实令我疲惫得产生无力感，翻出这张碟，就重获力量。毫无疑问，本片位列男人必看的电影前三名！回顾那一段经典台词：“有的人的羽翼是如此光辉，即使世界上最黑暗的牢狱，也无法长久地将他围困！”,2005-10-28 00:28:07,,2026-04-22 14:23:26
4,1,711|湯不餓,5.0,策划了19年的私奔……,2010-03-27 21:30:29,,2026-04-22 14:23:26
5,1,小易甫,3.0,"在我的心目中,它一直都是最被高估的电影。",2008-06-08 14:49:34,,2026-04-22 14:23:26
6,1,大宋亡了吗TnT,3.0,我不知道这是不是史上最佳的电影，但这绝对是吹嘘最大的电影。,2021-09-24 22:49:25,,2026-04-22 14:23:26
7,1,艾小柯,5.0,关于希望最强有力的注释。,2006-06-20 03:18:55,,2026-04-22 14:23:26
8,1,Eve|Classified,5.0,"“这是一部男人必看的电影。”人人都这么说。但单纯从性别区分，就会让这电影变狭隘。《肖申克的救赎》突破了男人电影的局限，通篇几乎充满令人难以置信的温馨基调，而电影里最伟大的主题是“希望”。
当我们无奈地遇到了如同肖申克一般囚禁了心灵自由的那种囹圄，我们是无奈的老布鲁克，灰心的瑞德，还是智慧的安迪？运用智慧，信任希望，并且勇敢面对恐惧心理，去打败它？
经典的电影之所以经典，因为他们都在做同一件事——让你从不同的角度来欣赏希望的美好。",2008-05-09 23:15:34,,2026-04-22 14:23:26
9,1,寂地,5.0,"超级喜欢超级喜欢,不看的话人生不圆满.",2006-01-02 23:57:15,,2026-04-22 14:23:26
10,1,葱,5.0,这样的男人谁会舍得背叛。。。,2012-05-28 22:57:42,,2026-04-22 14:23:26
11,1,理想多钱一斤啊,4.0,"Hope is a good thing, and maybe the best thing of all.",2009-10-07 19:58:08,,2026-04-22 14:23:26
12,1,veronique,5.0,"一部没有爱情与美女的电影,却光芒四射",2006-06-15 18:56:18,,2026-04-22 14:23:26
13,1,影志,5.0,"Fear Can Hold You Prisoner, Hope Can Set You Free",2006-02-04 05:58:22,,2026-04-22 14:23:26
14,1,珍妮的肖像🦤,5.0,没有人会不喜欢吧！书和电影都好。,2006-11-13 08:41:13,,2026-04-22 14:23:26
15,1,如是,5.0,还记得老brooks上吊自杀时心里有多难过。自由来的太晚，生命早已自行放弃。,2018-03-14 11:48:26,,2026-04-22 14:23:26
