rank,title_cn,title_en,rating,rating_count,director,actors,summary,detail_url,release_year,duration,genres,imdb_rating,poster_path
1,肖申克的救赎,/ The Shawshank Redemption,9.7,3286595,弗兰克·德拉邦特 Frank Darabont,蒂姆·罗宾斯 Tim Robbins /...,希望让人自由。,https://movie.douban.com/subject/1292052/,1994,142分钟,剧情/犯罪,,
2,霸王别姬,/ 再见，我的妾  /  Farewell My Concubine,9.6,2424885,陈凯歌 Kaige Chen,张国荣 Leslie Cheung / 张丰毅 Fengyi Zha...,风华绝代。,https://movie.douban.com/subject/1291546/,1993,171分钟,剧情/爱情/同性,,
3,泰坦尼克号,/ Titanic,9.5,2500178,詹姆斯·卡梅隆 James Cameron,莱昂纳多·迪卡普里奥 Leonardo...,失去的才是永恒的。,https://movie.douban.com/subject/1292722/,1997,194分钟,剧情/爱情/灾难,,
4,阿甘正传,/ Forrest Gump,9.5,2431790,罗伯特·泽米吉斯 Robert Zemeckis,汤姆·汉克斯 Tom Hanks / ...,一部美国近现代史。,https://movie.douban.com/subject/1292720/,1994,142分钟,剧情/爱情,,
5,千与千寻,/ 千と千尋の神隠し,9.4,2538639,宫崎骏 Hayao Miyazaki,柊瑠美 Rumi Hîragi / 入野自由 Miy...,最好的宫崎骏，最好的久石让。,https://movie.douban.com/subject/1291561/,2001,125分钟,剧情/动画/奇幻,,
6,美丽人生,/ La vita è bella,9.5,1483195,罗伯托·贝尼尼 Roberto Benigni,罗伯托·贝尼尼 Roberto Beni...,最美的谎言。,https://movie.douban.com/subject/1292063/,1997,116分钟(国际版),剧情/喜剧/爱情/战争,,
7,星际穿越,/ Interstellar,9.4,2185644,克里斯托弗·诺兰 Christopher Nolan,马修·麦康纳 Matthew Mc...,爱是一种力量，让我们超越时空感知它的存在。,https://movie.douban.com/subject/1889243/,2014,169分钟,剧情/科幻/冒险,,
8,这个杀手不太冷,/ Léon,9.4,2553613,吕克·贝松 Luc Besson,让·雷诺 Jean Reno / 娜塔莉·波特曼 ...,怪蜀黍和小萝莉不得不说的故事。,https://movie.douban.com/subject/1295644/,1994,,,,
9,盗梦空间,/ Inception,9.4,2326917,克里斯托弗·诺兰 Christopher Nolan,莱昂纳多·迪卡普里奥 Le...,诺兰给了我们一场无法盗取的梦。,https://movie.douban.com/subject/3541415/,2010,,,,
10,楚门的世界,/ The Truman Show,9.4,2020905,彼得·威尔 Peter Weir,金·凯瑞 Jim Carrey / 劳拉·琳妮 Lau...,如果再也不能见到你，祝你早安，午安，晚安。,https://movie.douban.com/subject/1292064/,1998,,,,
11,辛德勒的名单,/ Schindler's List,9.5,1247914,史蒂文·斯皮尔伯格 Steven Spielberg,连姆·尼森 Liam Neeson...,拯救一个人，就是拯救整个世界。,https://movie.douban.com/subject/1295124/,1993,,,,
12,忠犬八公的故事,/ Hachi: A Dog's Tale,9.4,1544127,莱塞·霍尔斯道姆 Lasse Hallström,理查·基尔 Richard Ger...,永远都不能忘记你所爱的人。,https://movie.douban.com/subject/3011091/,2009,,,,
13,海上钢琴师,/ La leggenda del pianista sull'oceano,9.3,1880613,朱塞佩·托纳多雷 Giuseppe Tornatore,蒂姆·罗斯 Tim Roth / ...,每个人都要走一条自己坚定了的路，就算是粉身碎骨。,https://movie.douban.com/subject/1292001/,1998,,,,
14,疯狂动物城,/ Zootopia,9.3,2321962,拜伦·霍华德 Byron Howard / 瑞奇·摩尔 Rich Moore,金妮弗·...,迪士尼给我们营造的乌托邦就是这样，永远善良勇敢，永远出乎意料。,https://movie.douban.com/subject/25662329/,2016,,,,
15,三傻大闹宝莱坞,/ 3 Idiots,9.2,2079802,拉库马·希拉尼 Rajkumar Hirani,阿米尔·汗 Aamir Khan / 卡...,英俊版憨豆，高情商版谢耳朵。,https://movie.douban.com/subject/3793023/,2009,,,,
16,机器人总动员,/ WALL·E,9.3,1494648,安德鲁·斯坦顿 Andrew Stanton,本·贝尔特 Ben Burtt / 艾丽...,小瓦力，大人生。,https://movie.douban.com/subject/2131459/,2008,,,,
17,放牛班的春天,/ Les choristes,9.3,1474832,克里斯托夫·巴拉蒂 Christophe Barratier,让-巴蒂斯特·莫尼...,天籁一般的童声，是最接近上帝的存在。,https://movie.douban.com/subject/1291549/,2004,,,,
18,无间道,/ 無間道,9.3,1566471,刘伟强 / 麦兆辉,刘德华 Andy Lau / 梁朝伟 Tony Leung Chiu W...,香港电影史上永不过时的杰作。,https://movie.douban.com/subject/1307914/,2002,,,,
19,控方证人,/ Witness for the Prosecution,9.6,744420,比利·怀尔德 Billy Wilder,泰隆·鲍华 Tyrone Power / 玛琳·...,比利·怀德满分作品。,https://movie.douban.com/subject/1296141/,1957,,,,
20,寻梦环游记,/ Coco,9.1,1991318,李·昂克里奇 Lee Unkrich / 阿德里安·莫利纳 Adrian Molina,...,死亡不是真的逝去，遗忘才是永恒的消亡。,https://movie.douban.com/subject/20495023/,2017,,,,
21,大话西游之大圣娶亲,/ 西遊記大結局之仙履奇緣,9.2,1710725,刘镇伟 Jeffrey Lau,周星驰 Stephen Chow / 吴孟达 Man Tat Ng...,一生所爱。,https://movie.douban.com/subject/1292213/,1995,,,,
22,熔炉,/ 도가니,9.3,1036816,黄东赫 Dong-hyuk Hwang,孔侑 Yoo Gong / 郑有美 Yu-mi Jung /...,我们一路奋战不是为了改变世界，而是为了不让世界改变我们。,https://movie.douban.com/subject/5912992/,2011,,,,
23,触不可及,/ Intouchables,9.3,1297119,奥利维·那卡什 Olivier Nakache / 艾力克·托兰达 Eric Toledano   主...,,满满温情的高雅喜剧。,https://movie.douban.com/subject/6786002/,2011,,,,
24,教父,/ The Godfather,9.3,1108412,弗朗西斯·福特·科波拉 Francis Ford Coppola,马龙·白兰度 M...,千万不要记恨你的对手，这样会让你失去理智。,https://movie.douban.com/subject/1291841/,1972,,,,
25,末代皇帝,/ The Last Emperor,9.3,1030035,贝纳尔多·贝托鲁奇 Bernardo Bertolucci,尊龙 John Lone / 陈...,“不要跟我比惨，我比你更惨”再适合这部电影不过了。,https://movie.douban.com/subject/1293172/,1987,,,,
26,哈利·波特与魔法石,/ Harry Potter and the Sorcerer's Stone,9.2,1424599,Chris Columbus,Daniel Radcliffe / Emma Watson / Rupert Grint,童话世界的开端。,https://movie.douban.com/subject/1295038/,2001,,,,
27,当幸福来敲门,/ The Pursuit of Happyness,9.1,1689474,加布里尔·穆奇诺 Gabriele Muccino,威尔·史密斯 Will Smith ...,平民励志片。,https://movie.douban.com/subject/1849031/,2006,,,,
28,龙猫,/ となりのトトロ,9.2,1412566,宫崎骏 Hayao Miyazaki,日高法子 Noriko Hidaka / 坂本千夏 Ch...,人人心中都有个龙猫，童年就永远不会消失。,https://movie.douban.com/subject/1291560/,1988,,,,
29,活着,/ 人生  /  Lifetimes,9.3,971417,张艺谋 Yimou Zhang,葛优 You Ge / 巩俐 Li Gong / 姜武 Wu Jiang,张艺谋最好的电影。,https://movie.douban.com/subject/1292365/,1994,,,,
30,怦然心动,/ Flipped,9.1,2053077,罗伯·莱纳 Rob Reiner,玛德琳·卡罗尔 Madeline Carroll / 卡...,真正的幸福是来自内心深处。,https://movie.douban.com/subject/3319755/,2010,,,,
31,蝙蝠侠：黑暗骑士,/ The Dark Knight,9.2,1193997,克里斯托弗·诺兰 Christopher Nolan,克里斯蒂安·贝尔 Christ...,无尽的黑暗。,https://movie.douban.com/subject/1851857/,2008,,,,
32,指环王3：王者无敌,/ The Lord of the Rings: The Return of the King,9.3,911659,彼得·杰克逊 Peter Jackson,伊利亚·伍德 Elijah Wood / 西恩...,史诗的终章。,https://movie.douban.com/subject/1291552/,2003,,,,
33,我不是药神,/ 中国药神  /  印度药神,9.0,2352805,文牧野 Muye Wen,徐峥 Zheng Xu / 王传君 Chuanjun Wang / 周...,对我们国家而言，这样的电影多一部是一部。,https://movie.douban.com/subject/26752088/,2018,,,,
34,乱世佳人,/ Gone with the Wind,9.3,796657,维克多·弗莱明 Victor Fleming / 乔治·库克 George Cukor,费...,Tomorrow is another day.,https://movie.douban.com/subject/1300267/,1939,,,,
35,飞屋环游记,/ Up,9.1,1502625,彼特·道格特 Pete Docter / 鲍勃·彼德森 Bob Peterson,爱德...,最后那些最无聊的事情，才是最值得怀念的。,https://movie.douban.com/subject/2129039/,2009,,,,
36,让子弹飞,/ 让子弹飞一会儿  /  火烧云,9.0,1922354,姜文 Wen Jiang,姜文 Wen Jiang / 葛优 You Ge / 周润发 Yun-F...,你给我翻译翻译，神马叫做TMD的惊喜。,https://movie.douban.com/subject/3742360/,2010,,,,
37,哈尔的移动城堡,/ ハウルの動く城,9.1,1293234,宫崎骏 Hayao Miyazaki,倍赏千惠子 Chieko Baishô / 木村拓...,带着心爱的人在天空飞翔。,https://movie.douban.com/subject/1308807/,2004,,,,
38,十二怒汉,/ 12 Angry Men,9.4,579973,西德尼·吕美特 Sidney Lumet,亨利·方达 Henry Fonda / 马丁...,1957年的理想主义。,https://movie.douban.com/subject/1293182/,1957,,,,
39,海蒂和爷爷,/ Heidi,9.3,783623,阿兰·葛斯彭纳 Alain Gsponer,阿努克·斯特芬 Anuk Steffen /...,如果生活中有什么使你感到快乐，那就去做吧！不要管别人说什么。,https://movie.douban.com/subject/25958717/,2015,,,,
40,素媛,/ 소원,9.3,777203,李濬益 Jun-ik Lee,薛景求 Kyung-gu Sol / 严志媛 Ji-won Uhm ...,受过伤害的人总是笑得最开心，因为他们不愿意让身边的人承受一样的痛苦。,https://movie.douban.com/subject/21937452/,2013,,,,
41,猫鼠游戏,/ Catch Me If You Can,9.1,1213025,史蒂文·斯皮尔伯格 Steven Spielberg,莱昂纳多·迪卡普里奥 L...,骗子大师和执著警探的你追我跑故事。,https://movie.douban.com/subject/1305487/,2002,,,,
42,天空之城,/ 天空の城ラピュタ,9.2,1010447,宫崎骏 Hayao Miyazaki,田中真弓 Mayumi Tanaka / 横泽启子 Ke...,对天空的追逐，永不停止。,https://movie.douban.com/subject/1291583/,1986,,,,
43,鬼子来了,/ Devils on the Doorstep,9.3,716319,姜文 Wen Jiang,姜文 Wen Jiang / 香川照之 Teruyuki Kagawa /...,对敌人的仁慈，就是对自己残忍。,https://movie.douban.com/subject/1291858/,2000,,,,
44,摔跤吧！爸爸,/ Dangal,9.0,1747569,涅提·蒂瓦里 Nitesh Tiwari,阿米尔·汗 Aamir Khan / 法缇玛...,你不是在为你一个人战斗，你要让千千万万的女性看到女生并不是只能相夫教子。,https://movie.douban.com/subject/26387939/,2016,,,,
45,少年派的奇幻漂流,/ Life of Pi,9.1,1491294,李安 Ang Lee,苏拉·沙玛 Suraj Sharma / 伊尔凡·可汗 Irrfan...,瑰丽壮观、无人能及的冒险之旅。,https://movie.douban.com/subject/1929463/,2012,,,,
46,钢琴家,/ The Pianist,9.3,751396,罗曼·波兰斯基 Roman Polanski,艾德里安·布洛迪 Adrien Brod...,,https://movie.douban.com/subject/1296736/,2002,,,,
47,指环王2：双塔奇兵,/ The Lord of the Rings: The Two Towers,9.2,858627,彼得·杰克逊 Peter Jackson,伊利亚·伍德 Elijah Wood / 西恩...,承前启后的史诗篇章。,https://movie.douban.com/subject/1291572/,2002,,,,
48,死亡诗社,/ Dead Poets Society,9.2,885332,彼得·威尔 Peter Weir,罗宾·威廉姆斯 Robin Williams / 罗伯...,当一个死水般的体制内出现一个活跃的变数时，所有的腐臭都站在了光明的对面。,https://movie.douban.com/subject/1291548/,1989,,,,
49,大话西游之月光宝盒,/ 西遊記第壹佰零壹回之月光寶盒,9.0,1367407,刘镇伟 Jeffrey Lau,周星驰 Stephen Chow / 吴孟达 Man Tat Ng...,,https://movie.douban.com/subject/1299398/,1995,,,,
50,绿皮书,/ Green Book,8.9,1895630,彼得·法雷里 Peter Farrelly,维果·莫腾森 Viggo Mortensen /...,去除成见，需要勇气。,https://movie.douban.com/subject/27060077/,2018,,,,
51,何以为家,/ كفرناحوم,9.1,1163808,娜丁·拉巴基 Nadine Labaki,扎因·拉费阿 Zain al-Rafeea / ...,凝视卑弱生命，用电影改变命运。,https://movie.douban.com/subject/30170448/,2018,,,,
52,闻香识女人,/ Scent of a Woman,9.1,1024896,马丁·布莱斯 Martin Brest,阿尔·帕西诺 Al Pacino / 克里斯...,,https://movie.douban.com/subject/1298624/,1992,,,,
53,大闹天宫,/ 大闹天宫 上下集  /  The Monkey King,9.4,510816,万籁鸣 Laiming Wan,邱岳峰 Yuefeng Qiu / 富润生 Runsheng Fu...,,https://movie.douban.com/subject/1418019/,1961,,,,
54,黑客帝国,/ The Matrix,9.1,952107,安迪·沃卓斯基 Andy Wachowski / 拉娜·沃卓斯基 Lana Wachowski   主...,,,https://movie.douban.com/subject/1291843/,1999,,,,
55,指环王1：护戒使者,/ The Lord of the Rings: The Fellowship of the Ring,9.1,961731,彼得·杰克逊 Peter Jackson,伊利亚·伍德 Elijah Wood / 西恩...,,https://movie.douban.com/subject/1291571/,2001,,,,
56,罗马假日,/ Roman Holiday,9.1,1049823,威廉·惠勒 William Wyler,奥黛丽·赫本 Audrey Hepburn / 格...,,https://movie.douban.com/subject/1293839/,1953,,,,
57,教父2,/ The Godfather: Part II,9.3,641385,弗朗西斯·福特·科波拉 Francis Ford Coppola,阿尔·帕西诺 A...,,https://movie.douban.com/subject/1299131/,1974,,,,
58,狮子王,/ The Lion King,9.1,962580,Roger Allers / 罗伯·明可夫 Rob Minkoff,乔纳森·泰勒·托马...,,https://movie.douban.com/subject/1301753/,1994,,,,
59,天堂电影院,/ Nuovo Cinema Paradiso,9.2,742466,朱塞佩·托纳多雷 Giuseppe Tornatore,菲利普·努瓦雷 Philipp...,,https://movie.douban.com/subject/1291828/,1988,,,,
60,饮食男女,/ 飲食男女,9.2,727014,李安 Ang Lee,郎雄 Sihung Lung / 杨贵媚 Kuei-Mei Yang / 吴...,,https://movie.douban.com/subject/1291818/,1994,,,,
61,辩护人,/ 변호인,9.2,658995,杨宇硕 Woo-seok Yang,宋康昊 Kang-ho Song / 金英爱 Yeong-ae...,电影的现实意义大过电影本身。,https://movie.douban.com/subject/21937445/,2013,,,,
62,本杰明·巴顿奇事,/ The Curious Case of Benjamin Button,9.0,1106985,大卫·芬奇 David Fincher,布拉德·皮特 Brad Pitt / 凯特·布...,在时间之河里感受溺水之苦。,https://movie.douban.com/subject/1485260/,2008,,,,
63,搏击俱乐部,/ Fight Club,9.0,977818,大卫·芬奇 David Fincher,爱德华·诺顿 Edward Norton / 布拉...,,https://movie.douban.com/subject/1292000/,1999,,,,
64,美丽心灵,/ A Beautiful Mind,9.1,854714,朗·霍华德 Ron Howard,罗素·克劳 Russell Crowe / 艾德·哈...,,https://movie.douban.com/subject/1306029/,2001,,,,
65,穿条纹睡衣的男孩,/ The Boy in the Striped Pajamas,9.2,643013,马克·赫尔曼 Mark Herman,阿萨·巴特菲尔德 Asa Butterfield ...,尽管有些不切实际的幻想，这部电影依旧是一部感人肺腑的佳作。,https://movie.douban.com/subject/3008247/,2008,,,,
66,哈利·波特与死亡圣器(下),/ Harry Potter and the Deathly Hallows: Part 2,9.0,972797,大卫·叶茨 David Yates,丹尼尔·雷德克里夫 Daniel Radcliffe...,10年的完美句点。,https://movie.douban.com/subject/3011235/,2011,,,,
67,情书,/ Love Letter,8.9,1328545,岩井俊二 Shunji Iwai,中山美穗 Miho Nakayama / 丰川悦司 Ets...,,https://movie.douban.com/subject/1292220/,1995,,,,
68,两杆大烟枪,"/ Lock, Stock and Two Smoking Barrels",9.1,679376,盖·里奇 Guy Ritchie,杰森·弗莱明 Jason Flemyng / 德克斯特...,,https://movie.douban.com/subject/1293350/,1998,,,,
69,窃听风暴,/ Das Leben der Anderen,9.2,633185,弗洛里安·亨克尔·冯·多纳斯马尔克 Florian Henckel von Donnersmarck  &n...,,别样人生。,https://movie.douban.com/subject/1900841/,2006,,,,
70,功夫,/ 功夫3D  /  Kung Fu Hustle,8.9,1339537,周星驰 Stephen Chow,周星驰 Stephen Chow / 元秋 Qiu Yuen / ...,警恶惩奸，维护世界和平这个任务就交给你了，好吗？,https://movie.douban.com/subject/1291543/,2004,,,,
71,音乐之声,/ The Sound of Music,9.1,685604,罗伯特·怀斯 Robert Wise,朱莉·安德鲁斯 Julie Andrews / 克...,,https://movie.douban.com/subject/1294408/,1965,,,,
72,哈利·波特与阿兹卡班的囚徒,/ Harry Potter and the Prisoner of Azkaban,9.0,893397,阿方索·卡隆 Alfonso Cuarón,丹尼尔·雷德克里夫 Daniel Rad...,不一样的导演，不一样的哈利·波特。,https://movie.douban.com/subject/1291544/,2004,,,,
73,阿凡达,/ Avatar,8.8,1588891,詹姆斯·卡梅隆 James Cameron,萨姆·沃辛顿 Sam Worthington ...,绝对意义上的美轮美奂。,https://movie.douban.com/subject/1652587/,2009,,,,
74,西西里的美丽传说,/ Malèna,8.9,1095310,朱塞佩·托纳多雷 Giuseppe Tornatore,莫妮卡·贝鲁奇 Monica ...,,https://movie.douban.com/subject/1292402/,2000,,,,
75,看不见的客人,/ Contratiempo,8.8,1443933,奥里奥尔·保罗 Oriol Paulo,马里奥·卡萨斯 Mario Casas / 阿...,你以为你以为的就是你以为的。,https://movie.douban.com/subject/26580232/,2016,,,,
76,拯救大兵瑞恩,/ Saving Private Ryan,9.1,726596,史蒂文·斯皮尔伯格 Steven Spielberg,汤姆·汉克斯 Tom Hanks...,,https://movie.douban.com/subject/1292849/,1998,,,,
77,沉默的羔羊,/ The Silence of the Lambs,8.9,1018605,乔纳森·戴米 Jonathan Demme,朱迪·福斯特 Jodie Foster / 安...,,https://movie.douban.com/subject/1293544/,1991,,,,
78,小鞋子,/ بچه های آسمان,9.2,467592,马基德·马基迪 Majid Majidi,默罕默德·阿米尔·纳吉 Mohamma...,,https://movie.douban.com/subject/1303021/,1997,,,,
79,布达佩斯大饭店,/ The Grand Budapest Hotel,8.9,1088108,韦斯·安德森 Wes Anderson,拉尔夫·费因斯 Ralph Fiennes / ...,小清新的故事里注入了大历史的情怀。,https://movie.douban.com/subject/11525673/,2014,,,,
80,蝴蝶效应,/ The Butterfly Effect,8.9,1070769,埃里克·布雷斯 Eric Bress / J·麦基·格鲁伯 J. Mackye Gruber   主...,,人的命运被自己瞬间的抉择改变。,https://movie.douban.com/subject/1292343/,2004,,,,
81,飞越疯人院,/ One Flew Over the Cuckoo's Nest,9.1,605542,米洛斯·福尔曼 Miloš Forman,杰克·尼科尔森 Jack Nichols...,,https://movie.douban.com/subject/1292224/,1975,,,,
82,还有明天,/ C'è ancora domani,9.3,375005,宝拉·柯特莱西 Paola Cortellesi,宝拉·柯特莱西 Paola Corte...,,https://movie.douban.com/subject/36445098/,2023,,,,
83,禁闭岛,/ Shutter Island,8.9,1116763,Martin Scorsese,莱昂纳多·迪卡普里奥 Leonardo DiCaprio / ...,昔日翩翩少年，今日大腹便便。,https://movie.douban.com/subject/2334904/,2010,,,,
84,心灵捕手,/ Good Will Hunting,9.0,817265,格斯·范·桑特 Gus Van Sant,马特·达蒙 Matt Damon / 罗宾·...,,https://movie.douban.com/subject/1292656/,1997,,,,
85,致命魔术,/ The Prestige,8.9,966439,克里斯托弗·诺兰 Christopher Nolan,休·杰克曼 Hugh Jackman...,孪生蝙蝠侠大战克隆金刚狼。,https://movie.douban.com/subject/1780330/,2006,,,,
86,低俗小说,/ Pulp Fiction,8.9,962319,昆汀·塔伦蒂诺 Quentin Tarantino,约翰·特拉沃尔塔 John Tra...,,https://movie.douban.com/subject/1291832/,1994,,,,
87,哈利·波特与密室,/ Harry Potter and the Chamber of Secrets,8.9,919859,Chris Columbus,丹尼尔·雷德克里夫 Daniel Radcliffe / 艾玛...,,https://movie.douban.com/subject/1296996/,2002,,,,
88,超脱,/ Detachment,9.0,725630,托尼·凯耶 Tony Kaye,艾德里安·布洛迪 Adrien Brody / 马西...,穷尽一生，我们要学会的，不过是彼此拥抱。,https://movie.douban.com/subject/5322596/,2011,,,,
89,一一,/ Yi yi  /  Yi yi: A One and a Two,9.1,513415,杨德昌 Edward Yang,吴念真 / 李凯莉 Kelly Lee / 金燕玲 Elai...,,https://movie.douban.com/subject/1292434/,2000,,,,
90,喜剧之王,/ 喜劇之王,8.8,1098739,周星驰 Stephen Chow / 李力持 Lik-Chi Lee,周星驰 Stephen Ch...,,https://movie.douban.com/subject/1302425/,1999,,,,
91,杀人回忆,/ 살인의 추억,8.9,840366,奉俊昊 Joon-ho Bong,宋康昊 Kang-ho Song / 金相庆 Sang-kyun...,,https://movie.douban.com/subject/1300299/,2003,,,,
92,致命ID,/ Identity,8.9,952882,詹姆斯·曼高德 James Mangold,约翰·库萨克 John Cusack / 雷...,,https://movie.douban.com/subject/1297192/,2003,,,,
93,摩登时代,/ Modern Times,9.3,348286,查理·卓别林 Charles Chaplin,查理·卓别林 Charles Chaplin ...,,https://movie.douban.com/subject/1294371/,1936,,,,
94,春光乍泄,/ 春光乍洩,9.0,711442,王家卫 Kar Wai Wong,张国荣 Leslie Cheung / 梁朝伟 Tony Leu...,,https://movie.douban.com/subject/1292679/,1997,,,,
95,加勒比海盗,/ Pirates of the Caribbean: The Curse of the Black Pearl,8.8,971842,戈尔·维宾斯基 Gore Verbinski,约翰尼·德普 Johnny Depp / ...,,https://movie.douban.com/subject/1298070/,2003,,,,
96,海豚湾,/ The Cove,9.3,383112,路易·西霍尤斯 Louie Psihoyos,路易·西霍尤斯 Louie Psihoyo...,海豚的微笑，是世界上最高明的伪装。,https://movie.douban.com/subject/3442220/,2009,,,,
97,美国往事,/ Once Upon a Time in America,9.1,473539,赛尔乔·莱翁内 Sergio Leone,罗伯特·德尼罗 Robert De Niro ...,,https://movie.douban.com/subject/1292262/,1984,,,,
98,红辣椒,/ パプリカ,9.0,572881,今敏 Satoshi Kon,林原惠美 Megumi Hayashibara / 江守彻 Toru...,梦的勾结。,https://movie.douban.com/subject/1865703/,2006,,,,
99,七宗罪,/ Se7en,8.8,1065729,大卫·芬奇 David Fincher,摩根·弗里曼 Morgan Freeman / 布...,,https://movie.douban.com/subject/1292223/,1995,,,,
100,唐伯虎点秋香,/ 唐伯虎點秋香,8.8,1228525,李力持 Lik-Chi Lee,周星驰 Stephen Chow / 巩俐 Li Gong / 陈...,,https://movie.douban.com/subject/1306249/,1993,,,,
101,狩猎,/ Jagten,9.1,472826,托马斯·温特伯格 Thomas Vinterberg,麦斯·米科尔森 Mads Mik...,人言可畏。,https://movie.douban.com/subject/6985810/,2012,,,,
102,幽灵公主,/ もののけ姫,8.9,672307,宫崎骏 Hayao Miyazaki,松田洋治 Yôji Matsuda / 石田百合...,,https://movie.douban.com/subject/1297359/,1997,,,,
103,甜蜜蜜,/ Comrades: Almost a Love Story,8.9,676852,陈可辛 Peter Chan,黎明 Leon Lai / 张曼玉 Maggie Cheung / ...,,https://movie.douban.com/subject/1305164/,1996,,,,
104,寄生虫,/ 기생충,8.8,1553199,奉俊昊 Joon-ho Bong,宋康昊 Kang-ho Song / 李善均 Seon-gyun...,,https://movie.douban.com/subject/27010768/,2019,,,,
105,天书奇谭,/ 天书奇谭4K纪念版  /  The Legend of Sealed Book,9.2,337280,王树忱 Shuchen Wang / 钱运达 Yunda Qian,丁建华 Jianhua Din...,,https://movie.douban.com/subject/1428581/,1983,,,,
106,蝙蝠侠：黑暗骑士崛起,/ The Dark Knight Rises,8.9,817103,克里斯托弗·诺兰 Christopher Nolan,克里斯蒂安·贝尔 Christ...,诺兰就是保证。,https://movie.douban.com/subject/3395373/,2012,,,,
107,超能陆战队,/ Big Hero 6,8.8,1149644,唐·霍尔 Don Hall / 克里斯·威廉姆斯 Chris Williams,斯科特...,Balalala~~~,https://movie.douban.com/subject/11026735/,2014,,,,
108,7号房的礼物,/ 7번방의 선물,8.9,624268,李焕庆 Hwan-kyeong Lee,柳承龙 Seung-yong Ryoo / 朴信惠 Shi...,《我是山姆》的《美丽人生》。,https://movie.douban.com/subject/10777687/,2013,,,,
109,茶馆,/ The Teahouse,9.5,211070,谢添 Tian Xie,于是之 Shizhi Yu / 郑榕 Rong Zhen / 蓝天野 T...,,https://movie.douban.com/subject/1461403/,1982,,,,
110,第六感,/ The Sixth Sense,8.9,641514,M·奈特·沙马兰 M. Night Shyamalan,布鲁斯·威利斯 Bruce Wi...,,https://movie.douban.com/subject/1297630/,1999,,,,
111,爱在黎明破晓前,/ Before Sunrise,8.8,805602,理查德·林克莱特 Richard Linklater,伊桑·霍克 Ethan Hawke ...,,https://movie.douban.com/subject/1296339/,1995,,,,
112,爱在日落黄昏时,/ Before Sunset,8.9,657567,理查德·林克莱特 Richard Linklater,伊桑·霍克 Ethan Hawke ...,九年后的重逢是世俗和责任的交叠，没了悸动和青涩，沧桑而温暖。,https://movie.douban.com/subject/1291990/,2004,,,,
113,被嫌弃的松子的一生,/ 嫌われ松子の一生,8.8,777468,中岛哲也 Tetsuya Nakashima,中谷美纪 Miki Nakatani / 瑛太 E...,以戏谑来戏谑戏谑。,https://movie.douban.com/subject/1787291/,2006,,,,
114,头脑特工队,/ Inside Out,8.8,811103,彼特·道格特 Pete Docter / 罗纳尔多·德尔·卡门 Ronaldo Del Carmen  &nb...,,愿我们都不用长大，每一座城堡都能永远存在。,https://movie.douban.com/subject/10533913/,2015,,,,
115,哈利·波特与火焰杯,/ Harry Potter and the Goblet of Fire,8.8,805859,迈克·内威尔 Mike Newell,丹尼尔·雷德克里夫 Daniel Radclif...,,https://movie.douban.com/subject/1309055/,2005,,,,
116,未麻的部屋,/ Perfect Blue,9.1,428027,今敏 Satoshi Kon,岩男润子 Junko Iwao / 松本梨香 Rica Matsu...,,https://movie.douban.com/subject/1395091/,1997,,,,
117,重庆森林,/ 重慶森林,8.8,926535,王家卫 Kar Wai Wong,林青霞 Brigitte Lin / 金城武 Takeshi K...,,https://movie.douban.com/subject/1291999/,1994,,,,
118,借东西的小人阿莉埃蒂,/ 借りぐらしのアリエッティ,8.9,630466,米林宏昌 Hiromasa Yonebayashi,志田未来 Mirai Shida / 神木...,曾经的那段美好会沉淀为一辈子的记忆。,https://movie.douban.com/subject/4202302/,2010,,,,
119,菊次郎的夏天,/ 菊次郎の夏,8.9,676267,北野武 Takeshi Kitano,北野武 Takeshi Kitano / 关口雄介 Yus...,,https://movie.douban.com/subject/1293359/,1999,,,,
120,入殓师,/ おくりびと,8.9,745217,泷田洋二郎 Yôjirô Takita,本木雅弘 Masahiro Motoki / ...,死可能是一道门，逝去并不是终结，而是超越，走向下一程。,https://movie.douban.com/subject/2149806/,2008,,,,
121,断背山,/ Brokeback Mountain,8.8,785847,李安 Ang Lee,希斯·莱杰 Heath Ledger / 杰克·吉伦哈尔 Jake...,每个人心中都有一座断背山。,https://movie.douban.com/subject/1418834/,2005,,,,
122,剪刀手爱德华,/ Edward Scissorhands,8.7,1123948,蒂姆·波顿 Tim Burton,约翰尼·德普 Johnny Depp / 薇诺娜·...,,https://movie.douban.com/subject/1292370/,1990,,,,
123,勇敢的心,/ Braveheart,8.9,607409,梅尔·吉布森 Mel Gibson,梅尔·吉布森 Mel Gibson / 苏菲·玛...,,https://movie.douban.com/subject/1294639/,1995,,,,
124,时空恋旅人,/ About Time,8.8,797681,理查德·柯蒂斯 Richard Curtis,多姆纳尔·格里森 Domhnall Gl...,把每天当作最后一天般珍惜度过，积极拥抱生活，就是幸福。,https://movie.douban.com/subject/10577869/,2013,,,,
125,驯龙高手,/ How to Train Your Dragon,8.8,869934,迪恩·德布洛斯 Dean DeBlois / 克里斯·桑德斯 Chris Sanders,,和谐的生活离不开摸头与被摸头。,https://movie.douban.com/subject/2353023/,2010,,,,
126,傲慢与偏见,/ Pride & Prejudice,8.7,943195,乔·怀特 Joe Wright,凯拉·奈特莉 Keira Knightley / 马修·...,爱是摈弃傲慢与偏见之后的曙光。,https://movie.douban.com/subject/1418200/,2005,,,,
127,消失的爱人,/ Gone Girl,8.7,1077902,大卫·芬奇 David Fincher,本·阿弗莱克 Ben Affleck / 罗莎蒙...,年度最佳date movie。,https://movie.douban.com/subject/21318488/,2014,,,,
128,无人知晓,/ 誰も知らない,9.1,374547,是枝裕和 Hirokazu Koreeda,柳乐优弥 Yûya Yagira / 北浦爱...,我的平常生活就是他人的幸福。,https://movie.douban.com/subject/1292337/,2004,,,,
129,倩女幽魂,/ 倩女幽魂(87版)  /  倩女幽魂：妖魔道,8.8,838936,程小东 Siu-Tung Ching,张国荣 Leslie Cheung / 王祖贤 Joey W...,,https://movie.douban.com/subject/1297447/,1987,,,,
130,新世界,/ 신세계,8.9,531177,朴勋政 Hoon-jung Park,李政宰 Jung-Jae Lee / 崔岷植 Min-sik...,要做就做得狠一点，这样才能活下去。,https://movie.douban.com/subject/10437779/,2013,,,,
131,花样年华,/ 花樣年華,8.8,810103,王家卫 Kar Wai Wong,张曼玉 Maggie Cheung / 梁朝伟 Tony Leu...,,https://movie.douban.com/subject/1291557/,2000,,,,
132,玩具总动员3,/ Toy Story 3,8.9,595921,李·昂克里奇 Lee Unkrich,汤姆·汉克斯 Tom Hanks / 蒂姆·艾...,跨度十五年的欢乐与泪水。,https://movie.douban.com/subject/1858711/,2010,,,,
133,一个叫欧维的男人决定去死,/ En man som heter Ove,8.9,572671,汉内斯·赫尔姆 Hannes Holm,罗夫·拉斯加德 Rolf Lassgård...,惠及一生的美丽。,https://movie.douban.com/subject/26628357/,2015,,,,
134,色，戒,/ 色|戒  /  色·戒,8.7,966944,李安 Ang Lee,梁朝伟 Tony Leung Chiu Wai / 汤唯 Wei Tang / ...,假戏真情，爱欲深海,https://movie.douban.com/subject/1828115/,2007,,,,
135,完美的世界,/ A Perfect World,9.1,361769,克林特·伊斯特伍德 Clint Eastwood,凯文·科斯特纳 Kevin Cos...,,https://movie.douban.com/subject/1300992/,1993,,,,
136,怪兽电力公司,"/ Monsters, Inc.",8.8,774128,彼特·道格特 Pete Docter / 大卫·斯沃曼 David Silverman,约...,,https://movie.douban.com/subject/1291579/,2001,,,,
137,阳光灿烂的日子,/ In the Heat of the Sun,8.8,698666,姜文 Wen Jiang,夏雨 Yu Xia / 宁静 Jing Ning / 陶虹 Hong Tao,,https://movie.douban.com/subject/1291875/,1994,,,,
138,教父3,/ The Godfather: Part III,9.0,434992,弗朗西斯·福特·科波拉 Francis Ford Coppola,阿尔·帕西诺 A...,,https://movie.douban.com/subject/1294240/,1990,,,,
139,小森林 夏秋篇,/ リトル・フォレスト 夏・秋,9.0,475668,森淳一 Junichi Mori,桥本爱 Ai Hashimoto / 三浦贵大 Takahir...,那些静得只能听见呼吸的日子里，你明白孤独即生活。,https://movie.douban.com/subject/25814705/,2014,,,,
140,天使爱美丽,/ Le Fabuleux destin d'Amélie Poulain,8.7,1023789,让-皮埃尔·热内 Jean-Pierre Jeunet,奥黛丽·塔图 Audrey Tau...,,https://movie.douban.com/subject/1292215/,2001,,,,
141,侧耳倾听,/ 耳をすませば,8.9,522914,近藤喜文 Yoshifumi Kondo,本名阳子 Youko Honna / 小林桂树 K...,,https://movie.douban.com/subject/1297052/,1995,,,,
142,哪吒闹海,/ Prince Nezha's Triumph Against Dragon King  /  Nezha Conquers the Dragon King,9.2,310113,王树忱 Shuchen Wang / 严定宪 Dingxian Yan,梁正晖 Zhenghui ...,,https://movie.douban.com/subject/1307315/,1979,,,,
143,九品芝麻官,/ 九品芝麻官之白面包青天  /  Hail the Judge,8.8,798745,王晶 Jing Wong,周星驰 Stephen Chow / 吴孟达 Man Tat Ng / ...,,https://movie.douban.com/subject/1297518/,1994,,,,
144,被解救的姜戈,/ Django Unchained,8.8,696300,昆汀·塔伦蒂诺 Quentin Tarantino,杰米·福克斯 Jamie Foxx /...,热血沸腾，那个低俗、性感的无耻混蛋又来了。,https://movie.douban.com/subject/6307447/,2012,,,,
145,请以你的名字呼唤我,/ Call Me by Your Name,8.8,828911,卢卡·瓜达尼诺 Luca Guadagnino,艾米·汉莫 Armie Hammer / ...,沉醉在电影的情感和视听氛围中无法自拔。,https://movie.douban.com/subject/26799731/,2017,,,,
146,幸福终点站,/ The Terminal,8.8,645399,史蒂文·斯皮尔伯格 Steven Spielberg,汤姆·汉克斯 Tom Hanks...,有时候幸福需要等一等。,https://movie.douban.com/subject/1292274/,2004,,,,
147,釜山行,/ 부산행,8.6,1356506,延尚昊 Sang-ho Yeon,孔刘 Yoo Gong / 郑有美 Yu-mi Jung / 马...,揭露人性的丧尸题材力作。,https://movie.douban.com/subject/25986180/,2016,,,,
148,神偷奶爸,/ Despicable Me,8.7,1051245,皮艾尔·柯芬 Pierre Coffin / 克里斯·雷纳德 Chris Renaud,...,Mr. I Don't Care其实也有Care的时候。,https://movie.douban.com/subject/3287562/,2010,,,,
149,小森林 冬春篇,/ リトル・フォレスト 冬・春,9.0,422591,森淳一 Junichi Mori,桥本爱 Ai Hashimoto / 三浦贵大 Takahir...,尊敬他人，尊敬你生活的这片土地，明白孤独是人生的常态。,https://movie.douban.com/subject/25814707/,2015,,,,
150,喜宴,/ 囍宴,9.0,434760,李安 Ang Lee,赵文瑄 Winston Chao / 归亚蕾 Ya-lei Kuei / 郎...,,https://movie.douban.com/subject/1303037/,1993,,,,
151,萤火之森,/ 蛍火の杜へ,8.8,614620,大森贵弘 Takahiro Omori,佐仓绫音 Ayane Sakura / 内山昂辉 K...,触不到的恋人。,https://movie.douban.com/subject/5989818/,2011,,,,
152,告白,/ 自白  /  母亲,8.8,747080,中岛哲也 Tetsuya Nakashima,松隆子 Takako Matsu / 冈田将生 ...,没有一人完全善，也没有一人完全恶。,https://movie.douban.com/subject/4268598/,2010,,,,
153,七武士,/ 七人の侍,9.3,237405,黑泽明 Akira Kurosawa,三船敏郎 Toshirô Mifune / 志村乔 ...,,https://movie.douban.com/subject/1295399/,1954,,,,
154,玛丽和麦克斯,/ Mary and Max,9.0,472978,亚当·艾略特 Adam Elliot,托妮·科莱特 Toni Collette / 菲利...,你是我最好的朋友，你是我唯一的朋友 。,https://movie.douban.com/subject/3072124/,2009,,,,
155,头号玩家,/ Ready Player One,8.6,1523530,史蒂文·斯皮尔伯格 Steven Spielberg,泰伊·谢里丹 Tye Sheri...,写给影迷，动漫迷和游戏迷的一封情书。,https://movie.douban.com/subject/4920389/,2018,,,,
156,模仿游戏,/ The Imitation Game,8.8,723181,莫滕·泰杜姆 Morten Tyldum,本尼迪克特·康伯巴奇 Benedict C...,他给机器起名“克里斯托弗”，因为这是他初恋的名字。,https://movie.douban.com/subject/10463953/,2014,,,,
157,惊魂记,/ Psycho,9.0,359013,阿尔弗雷德·希区柯克 Alfred Hitchcock,安东尼·博金斯 Antho...,,https://movie.douban.com/subject/1293181/,1960,,,,
158,机器人之梦,/ Robot Dreams,9.1,445661,巴勃罗·贝格尔 Pablo Berger,伊万·拉班达 Ivan Labanda,,https://movie.douban.com/subject/35426925/,2023,,,,
159,大鱼,/ Big Fish,8.8,629632,蒂姆·波顿 Tim Burton,伊万·麦克格雷格 Ewan McGregor / 阿...,,https://movie.douban.com/subject/1291545/,2003,,,,
160,心灵奇旅,/ Soul,8.7,1149587,彼特·道格特 Pete Docter / 凯普·鲍尔斯 Kemp Powers,杰米·...,,https://movie.douban.com/subject/24733428/,2020,,,,
161,背靠背，脸对脸,"/ 背对背，脸对脸  /  Back to Back, Face to Face",9.5,181745,黄建新 Jianxin Huang / 杨亚洲 Yazhou Yang,牛振华 Zhenhua N...,,https://movie.douban.com/subject/1307856/,1994,,,,
162,血战钢锯岭,/ Hacksaw Ridge,8.7,863129,梅尔·吉布森 Mel Gibson,安德鲁·加菲尔德 Andrew Garfield /...,优秀的战争片不会美化战场，不会粉饰死亡，不会矮化敌人，不会无视常识，最重要的，不会宣扬战争。,https://movie.douban.com/subject/26325320/,2016,,,,
163,射雕英雄传之东成西就,/ 射鵰英雄傳之東成西就,8.7,720958,刘镇伟 Jeffrey Lau,梁朝伟 Tony Leung Chiu Wai / 林青霞 Bri...,,https://movie.douban.com/subject/1316510/,1993,,,,
164,你的名字。,/ 君の名は。,8.5,1600828,新海诚 Makoto Shinkai,神木隆之介 Ryûnosuke Kamiki / 上...,穿越错位的时空，仰望陨落的星辰，你没留下你的名字，我却无法忘记那句“我爱你”。,https://movie.douban.com/subject/26683290/,2016,,,,
165,我是山姆,/ I Am Sam,9.0,378685,杰茜·尼尔森 Jessie Nelson,Sean Penn / Dakota Fanning / Mi...,,https://movie.douban.com/subject/1306861/,2001,,,,
166,阳光姐妹淘,/ 써니,8.8,641193,姜炯哲 Hyeong-Cheol Kang,沈恩京 Eun-kyung Shim / 闵孝琳 Hy...,再多各自牛逼的时光，也比不上一起傻逼的岁月。,https://movie.douban.com/subject/4917726/,2011,,,,
167,末路狂花,/ Thelma & Louise,9.0,353193,雷德利·斯科特 Ridley Scott,吉娜·戴维斯 Geena Davis / 苏...,,https://movie.douban.com/subject/1291992/,1991,,,,
168,恐怖直播,/ 더 테러 라이브,8.7,731711,金秉祐 Byeong-woo Kim,河正宇 Jung-woo Ha / 李璟荣 Kyeong-y...,恐怖分子的“秋菊打官司”。,https://movie.douban.com/subject/21360417/,2013,,,,
169,黑客帝国3：矩阵革命,/ The Matrix Revolutions,8.8,499833,拉娜·沃卓斯基 Lana Wachowski / 莉莉·沃卓斯基 Lilly Wachowski   ...,,,https://movie.douban.com/subject/1302467/,2003,,,,
170,高山下的花环,/ 卫国军魂(港)  /  Wreaths at the Foot of the Mountain,9.5,161676,谢晋 Jin Xie,吕晓禾 Xiaohe Lü / 唐国强 Guoqiang Tang / 何...,,https://movie.douban.com/subject/1422283/,1984,,,,
171,小丑,/ Joker,8.7,1129625,托德·菲利普斯 Todd Phillips,杰昆·菲尼克斯 Joaquin Phoeni...,,https://movie.douban.com/subject/27119724/,2019,,,,
172,谍影重重3,/ The Bourne Ultimatum,8.9,473674,保罗·格林格拉斯 Paul Greengrass,马特·达蒙 Matt Damon / ...,像吃了苏打饼一样干脆的电影。,https://movie.douban.com/subject/1578507/,2007,,,,
173,三块广告牌,"/ Three Billboards Outside Ebbing, Missouri",8.7,924414,马丁·麦克唐纳 Martin McDonagh,弗兰西斯·麦克多蒙德 France...,怼天怼地，你走后，她与世界为敌。,https://movie.douban.com/subject/26611804/,2017,,,,
174,电锯惊魂,/ Saw,8.7,616768,詹姆斯·温 James Wan,雷·沃纳尔 Leigh Whannell / 加利·艾...,真相就在眼前。,https://movie.douban.com/subject/1417598/,2004,,,,
175,无间道2,/ 無間道II,8.8,571457,刘伟强 Andrew Lau / 麦兆辉 Alan Mak,陈冠希 Edison Chen / ...,,https://movie.douban.com/subject/1307106/,2003,,,,
176,达拉斯买家俱乐部,/ Dallas Buyers Club,8.8,508929,让-马克·瓦雷 Jean-Marc Vallée,马修·麦康纳 Matthew McCon...,Jared Leto的腿比女人还美！,https://movie.douban.com/subject/1793929/,2013,,,,
177,疯狂原始人,/ The Croods,8.7,925445,科克·德·米科 Kirk De Micco / 克里斯·桑德斯 Chris Sanders,,老少皆宜，这就是好莱坞动画的魅力。,https://movie.douban.com/subject/1907966/,2013,,,,
178,绿里奇迹,/ The Green Mile,8.9,390862,弗兰克·德拉邦特 Frank Darabont,汤姆·汉克斯 Tom Hanks / ...,,https://movie.douban.com/subject/1300374/,1999,,,,
179,爱在午夜降临前,/ Before Midnight,8.9,477650,理查德·林克莱特 Richard Linklater,伊桑·霍克 Ethan Hawke ...,所谓爱情，就是话唠一路，都不会心生腻烦，彼此嫌弃。,https://movie.douban.com/subject/10808442/,2013,,,,
180,疯狂的石头,/ Crazy Stone,8.6,930787,宁浩 Hao Ning,郭涛 Tao Guo / 刘桦 Hua Liu / 连晋 Teddy Lin,中国版《两杆大烟枪》。,https://movie.douban.com/subject/1862151/,2006,,,,
181,雨中曲,/ Singin' in the Rain,9.1,270907,斯坦利·多南 Stanley Donen / 吉恩·凯利 Gene Kelly,吉恩·...,,https://movie.douban.com/subject/1293460/,1952,,,,
182,2001太空漫游,/ 2001: A Space Odyssey,8.9,399922,斯坦利·库布里克 Stanley Kubrick,凯尔·杜拉 Keir Dullea / ...,,https://movie.douban.com/subject/1292226/,1968,,,,
183,海街日记,/ 海街diary,8.8,524908,是枝裕和 Hirokazu Koreeda,绫濑遥 Haruka Ayase / 长泽雅美 M...,是枝裕和的家庭习作。,https://movie.douban.com/subject/25895901/,2015,,,,
184,风之谷,/ 風の谷のナウシカ,8.9,395424,宫崎骏 Hayao Miyazaki,岛本须美 Sumi Shimamoto / 松田洋治 Y...,,https://movie.douban.com/subject/1291585/,1984,,,,
185,上帝之城,/ Cidade de Deus,9.0,335056,费尔南多·梅里尔斯 Fernando Meirelles / 卡迪亚·兰德 Kátia Lund  &nbsp...,,,https://movie.douban.com/subject/1292208/,2002,,,,
186,心迷宫,/ 殡棺  /  The Coffin in the Mountain,8.7,622006,忻钰坤 Yukun Xin,霍卫民 Weimin Huo / 王笑天 Xiaotian Wang ...,荒诞讽刺，千奇百巧，抽丝剥茧，百转千回。,https://movie.douban.com/subject/25917973/,2014,,,,
187,英雄本色,/ A Better Tomorrow  /  Gangland Boss,8.6,609640,吴宇森 John Woo,周润发 Yun-Fat Chow / 狄龙 Lung Ti / 张国...,,https://movie.douban.com/subject/1297574/,1986,95分钟,剧情/动作/犯罪,,
188,记忆碎片,/ Memento,8.7,673836,克里斯托弗·诺兰 Christopher Nolan,盖·皮尔斯 Guy Pearce /...,,https://movie.douban.com/subject/1304447/,2000,113分钟,剧情/悬疑/惊悚/犯罪,,
189,纵横四海,/ 縱橫四海,8.8,487483,吴宇森 John Woo,周润发 Yun-Fat Chow / 张国荣 Leslie Cheung...,,https://movie.douban.com/subject/1295409/,1991,109分钟,剧情/喜剧/动作/犯罪,,
190,无敌破坏王,/ Wreck-It Ralph,8.7,615347,瑞奇·莫尔 Rich Moore,约翰·C·赖利 John C. Reilly / 萨拉...,迪士尼和皮克斯拿错剧本的产物。,https://movie.douban.com/subject/6534248/,2012,101分钟,喜剧/动画/奇幻/冒险,,
191,卢旺达饭店,/ Hotel Rwanda,8.9,369105,特瑞·乔治 Terry George,唐·钱德尔 Don Cheadle / 苏菲·奥...,当这个世界闭上双眼，他却敞开了怀抱。,https://movie.douban.com/subject/1291822/,2004,121分钟,剧情/传记/历史/战争,,
192,牯岭街少年杀人事件,/ 牯嶺街少年殺人事件,8.9,372882,杨德昌 Edward Yang,张震 Chen Chang / 杨静怡 Lisa Yang / 张...,,https://movie.douban.com/subject/1292329/,1991,237分钟(导演剪辑版),剧情/犯罪,,
193,恐怖游轮,/ Triangle,8.5,997247,克里斯托弗·史密斯 Christopher Smith,梅利莎·乔治 Melissa ...,不要企图在重复中寻找已经失去的爱。,https://movie.douban.com/subject/3011051/,2009,99分钟,科幻/悬疑/惊悚/奇幻,,
194,东京教父,/ 東京ゴッドファーザーズ,9.0,293845,今敏 Satoshi Kon,江守彻 Toru Emori / 梅垣义明 Yoshiaki Ume...,,https://movie.douban.com/subject/1310177/,2003,92分钟,剧情/喜剧/动画,,
195,小偷家族,/ 万引き家族,8.7,899085,是枝裕和 Hirokazu Koreeda,中川雅也 Lily Franky / 安藤樱 Sa...,我们组成了家。,https://movie.douban.com/subject/27622447/,2018,117分钟(中国大陆),剧情/家庭/犯罪,,
196,魔女宅急便,/ 魔女の宅急便,8.7,527953,宫崎骏 Hayao Miyazaki,高山南 Minami Takayama / 佐久间玲 Re...,,https://movie.douban.com/subject/1307811/,1989,103分钟,动画/奇幻/冒险,,
197,冰川时代,/ Ice Age,8.7,689158,卡洛斯·沙尔丹哈 Carlos Saldanha / 克里斯·韦奇 Chris Wedge,,,https://movie.douban.com/subject/1291578/,2002,81分钟,喜剧/动画/冒险,,
198,芙蓉镇,/ Hibiscus Town,9.3,192233,谢晋 Jin Xie,刘晓庆 Xiaoqing Liu / 姜文 Wen Jiang / 郑在石...,,https://movie.douban.com/subject/1297880/,1987,164 分钟,剧情/爱情,,
199,忠犬八公物语,/ ハチ公物語,9.2,219967,神山征二郎 Seijirô Kôyama,仲代达矢 Tatsuya Nakadai /...,,https://movie.douban.com/subject/1959195/,1987,107 分钟,剧情,,
200,岁月神偷,/ 歲月神偷,8.7,614591,罗启锐 Alex Law,吴君如 Sandra Ng / 任达华 Simon Yam / 钟绍...,岁月流逝，来日可追。,https://movie.douban.com/subject/3792799/,2010,117分钟,剧情/家庭,,
201,遗愿清单,/ The Bucket List,8.7,542574,罗伯·莱纳 Rob Reiner,杰克·尼科尔森 Jack Nicholson / 摩根...,用剩余不多的时间，去燃烧整个生命。,https://movie.douban.com/subject/1867345/,2007,97 分钟,剧情/喜剧/冒险,,
202,荒蛮故事,/ Relatos salvajes,8.7,521220,达米安·斯兹弗隆 Damián Szifron,达里奥·葛兰帝内提 Darío...,始于荒诞，止于更荒诞。,https://movie.douban.com/subject/24750126/,2014,122分钟,剧情/喜剧/犯罪,,
203,大佛普拉斯,/ The Great Buddha+,8.7,558236,黄信尧 Hsin-yao Huang,庄益增 Yizeng Zhuang / 陈竹昇 Chu-sh...,人们可以登上月球，却永远无法探索人们内心的宇宙。,https://movie.douban.com/subject/27059130/,2017,102分钟,剧情/喜剧,,
204,源代码,/ Source Code,8.6,931491,邓肯·琼斯 Duncan Jones,杰克·吉伦哈尔 Jake Gyllenhaal / ...,邓肯·琼斯继《月球》之后再度奉献出一部精彩绝伦的科幻佳作。,https://movie.douban.com/subject/3075287/,2011,93分钟,科幻/悬疑/惊悚,,
205,花束般的恋爱,/ 花束みたいな恋をした,8.6,836597,土井裕泰 Nobuhiro Doi,菅田将晖 Masaki Suda / 有村架纯 Kasu...,,https://movie.douban.com/subject/34874432/,2021,124分钟,剧情/爱情,,
206,白日梦想家,/ The Secret Life of Walter Mitty,8.6,655775,本·斯蒂勒 Ben Stiller,本·斯蒂勒 Ben Stiller / 克里斯汀·...,,https://movie.douban.com/subject/2133323/,2013,114分钟,剧情/喜剧/冒险,,
207,爱乐之城,/ La La Land,8.4,1129200,达米恩·查泽雷 Damien Chazelle,瑞恩·高斯林 Ryan Gosling /...,,https://movie.douban.com/subject/25934014/,2016,128分钟,剧情/爱情/歌舞,,
208,疯狂的麦克斯4：狂暴之路,/ Mad Max: Fury Road,8.7,622157,乔治·米勒 George Miller,汤姆·哈迪 Tom Hardy / 查理兹·塞...,“多么美好的一天！”轰轰轰砰咚，啪哒哒哒轰隆隆，磅~,https://movie.douban.com/subject/3592854/,2015,120分钟,动作/科幻/冒险,,
209,可可西里,/ Kekexili: Mountain Patrol,8.9,348679,陆川 Chuan Lu,多布杰 Duobujie / 张磊 Lei Zhang / 亓亮 Qi L...,坚硬的信仰。,https://movie.douban.com/subject/1308857/,2004,85分钟(中国大陆),剧情/犯罪,,
210,你看起来好像很好吃,/ おまえうまそうだな,8.9,378095,藤森雅也 Masaya Fujimori,山口胜平 Kappei Yamaguchi / 爱河...,感情不分食草或者食肉。,https://movie.douban.com/subject/4848115/,2010,90分钟,剧情/动画/儿童,,
211,贫民窟的百万富翁,/ Slumdog Millionaire,8.6,809787,丹尼·鲍尔 Danny Boyle / 洛芙琳·坦丹 Loveleen Tandan,戴夫...,上帝之城+猜火车+阿甘正传+开心辞典=山寨富翁,https://movie.douban.com/subject/2209573/,2008,120分钟,剧情/爱情,,
212,波西米亚狂想曲,/ Bohemian Rhapsody,8.6,695084,布莱恩·辛格 Bryan Singer,拉米·马雷克 Rami Malek / 本·哈...,,https://movie.douban.com/subject/5300054/,2018,135分钟,剧情/同性/音乐/传记,,
213,城市之光,/ City Lights,9.3,174410,查理·卓别林 Charles Chaplin,查理·卓别林 Charles Chaplin ...,,https://movie.douban.com/subject/1293908/,1931,87分钟,剧情/喜剧/爱情,,
214,爆裂鼓手,/ Whiplash,8.6,695826,达米恩·查泽雷 Damien Chazelle,迈尔斯·特勒 Miles Teller /...,这个世界从不善待努力的人，努力了也不一定会成功，但是知道自己在努力，就是活下去的动力。,https://movie.douban.com/subject/25773932/,2014,107分钟,剧情/音乐,,
215,青蛇,/ Green Snake,8.6,604320,徐克 Hark Tsui,张曼玉 Maggie Cheung / 王祖贤 Joey Wang / ...,,https://movie.douban.com/subject/1303394/,1993,99分钟,剧情/爱情/奇幻/古装,,
216,哈利·波特与死亡圣器(上),/ Harry Potter and the Deathly Hallows: Part 1,8.6,701045,大卫·叶茨 David Yates,丹尼尔·雷德克里夫 Daniel Radcliffe...,最忠于原著的一部。,https://movie.douban.com/subject/2051007/,2010,146分钟,奇幻/冒险,,
217,无耻混蛋,/ Inglourious Basterds,8.7,567227,昆汀·塔伦蒂诺 Quentin Tarantino,布拉德·皮特 Brad Pitt / ...,昆汀同学越来越变态了，比北野武还杜琪峰。,https://movie.douban.com/subject/1438652/,2009,153分钟,剧情/犯罪,,
218,东邪西毒,/ 東邪西毒,8.6,638206,王家卫 Kar Wai Wong,张国荣 Leslie Cheung / 林青霞 Brigitte...,,https://movie.douban.com/subject/1292328/,1994,98分钟,剧情/动作/爱情/武侠/古装,,
219,大红灯笼高高挂,/ Raise The Red Lantern  /  Épouses et concubines,8.8,376961,张艺谋 Yimou Zhang,巩俐 Li Gong / 马精武 Jingwu Ma / 何赛...,,https://movie.douban.com/subject/1293323/,1991,125 分钟,剧情,,
220,终结者2：审判日,/ Terminator 2: Judgment Day,8.8,388732,詹姆斯·卡梅隆 James Cameron,阿诺·施瓦辛格 Arnold Schwarz...,,https://movie.douban.com/subject/1291844/,1991,137分钟,动作/科幻,,
221,黑天鹅,/ Black Swan,8.6,850768,达伦·阿罗诺夫斯基 Darren Aronofsky,娜塔莉·波特曼 Natalie...,黑暗之美。,https://movie.douban.com/subject/1978709/,2010,108分钟,剧情/惊悚,,
222,新龙门客栈,/ 新龍門客棧,8.7,513499,李惠民 Raymond Lee,张曼玉 Maggie Cheung / 林青霞 Brigitte ...,,https://movie.douban.com/subject/1292287/,1992,103分钟,动作/爱情/武侠/古装,,
223,初恋这件小事,/ สิ่งเล็กเล็กที่เรียกว่า...รัก,8.5,1055777,普特鹏·普罗萨卡·那·萨克那卡林 Puttipong Promsaka Na Sakolnakorn / 华森·波克彭...,,黑小鸭速效美白记。,https://movie.douban.com/subject/4739952/,2010,118分钟(泰国),剧情/喜剧/爱情,,
224,千钧一发,/ Gattaca,8.8,354031,安德鲁·尼科尔 Andrew Niccol,伊桑·霍克 Ethan Hawke / 乌玛...,,https://movie.douban.com/subject/1300117/,1997,106分钟,剧情/科幻/惊悚,,
225,人工智能,/ A.I. Artificial Intelligence,8.7,505995,史蒂文·斯皮尔伯格 Steven Spielberg,海利·乔·奥斯蒙 Haley...,,https://movie.douban.com/subject/1302827/,2001,146分钟,剧情/科幻,,
226,崖上的波妞,/ 崖の上のポニョ,8.6,579315,宫崎骏 Hayao Miyazaki,奈良柚莉爱 Yuria Nara / 土井洋辉 Hir...,,https://movie.douban.com/subject/1959877/,2008,101分钟,动画/奇幻/冒险,,
227,雨人,/ Rain Man,8.7,445207,巴瑞·莱文森 Barry Levinson,达斯汀·霍夫曼 Dustin Hoffman ...,,https://movie.douban.com/subject/1291870/,1988,133分钟,剧情,,
228,虎口脱险,/ La grande vadrouille,8.9,298348,杰拉尔·乌里 Gérard Oury,路易·德·菲耐斯 Louis de Funès...,,https://movie.douban.com/subject/1296909/,1966,119分钟,喜剧/战争,,
229,哈利·波特与凤凰社,/ Harry Potter and the Order of the Phoenix,8.6,701017,大卫·叶茨 David Yates,丹尼尔·雷德克里夫 Daniel Radcliffe...,,https://movie.douban.com/subject/1457217/,2007,138分钟,奇幻/冒险,,
230,彗星来的那一夜,/ Coherence,8.6,690795,詹姆斯·沃德·布柯特 James Ward Byrkit,艾米丽·芭尔多尼 Em...,小成本大魅力。,https://movie.douban.com/subject/25807345/,2013,89分钟,科幻/悬疑/惊悚,,
231,罗生门,/ 羅生門,8.8,360799,黑泽明 Akira Kurosawa,三船敏郎 Toshirô Mifune / 京町子 ...,,https://movie.douban.com/subject/1291879/,1950,88分钟,剧情/悬疑/犯罪,,
232,海边的曼彻斯特,/ Manchester by the Sea,8.6,658417,肯尼斯·罗纳根 Kenneth Lonergan,卡西·阿弗莱克 Casey Affle...,我们都有权利不与自己的过去和解。,https://movie.douban.com/subject/25980443/,2016,137分钟,剧情/家庭,,
233,恋恋笔记本,/ The Notebook,8.5,754030,尼克·卡索维茨 Nick Cassavetes,瑞恩·高斯林 Ryan Gosling /...,爱情没有那么多借口，如果不能圆满，只能说明爱的不够。,https://movie.douban.com/subject/1309163/,2004,123分钟,剧情/爱情,,
234,火星救援,/ The Martian,8.5,843640,雷德利·斯科特 Ridley Scott,马特·达蒙 Matt Damon / 杰西卡...,,https://movie.douban.com/subject/25864085/,2015,142分钟,剧情/科幻/冒险,,
235,真爱至上,/ Love Actually,8.5,811488,理查德·柯蒂斯 Richard Curtis,休·格兰特 Hugh Grant / 连姆...,,https://movie.douban.com/subject/1292401/,2003,135分钟,剧情/喜剧/爱情,,
236,黑客帝国2：重装上阵,/ The Matrix Reloaded,8.7,458482,拉娜·沃卓斯基 Lana Wachowski / 莉莉·沃卓斯基 Lilly Wachowski   ...,,,https://movie.douban.com/subject/1304141/,2003,138分钟,动作/科幻,,
237,冰雪奇缘,/ Frozen,8.5,837694,克里斯·巴克 Chris Buck / 珍妮弗·李 Jennifer Lee,克里斯汀...,,https://movie.douban.com/subject/4202982/,2013,102分钟,喜剧/动画/歌舞/奇幻,,
238,步履不停,/ 歩いても 歩いても,8.8,330556,是枝裕和 Hirokazu Koreeda,阿部宽 Hiroshi Abe / 夏川结衣 Yu...,日本的家庭电影已经是世界巅峰了，步履不停是巅峰中的佳作。,https://movie.douban.com/subject/2222996/,2008,115分钟,剧情/家庭,,
239,奇迹男孩,/ Wonder,8.6,603381,斯蒂芬·卓博斯基 Stephen Chbosky,雅各布·特伦布莱 Jacob Tr...,世界不完美，爱会有奇迹。,https://movie.douban.com/subject/26787574/,2017,113分钟,剧情/家庭/儿童,,
240,千年女优,/ 千年女優,8.8,320446,今敏 Satoshi Kon,庄司美代子 Miyoko Shôji / 小山茉美 Mam...,,https://movie.douban.com/subject/1307394/,2001,87 分钟,剧情/爱情/动画,,
241,谍影重重2,/ The Bourne Supremacy,8.7,402533,保罗·格林格拉斯 Paul Greengrass,马特·达蒙 Matt Damon / ...,谁说王家卫镜头很晃？,https://movie.douban.com/subject/1308767/,2004,108分钟,动作/悬疑/惊悚,,
242,战争之王,/ Lord of War,8.7,418093,安德鲁·尼科尔 Andrew Niccol,尼古拉斯·凯奇 Nicolas Cage /...,做一颗让别人需要你的棋子。,https://movie.douban.com/subject/1419936/,2005,122 分钟,剧情/犯罪,,
243,蜘蛛侠：平行宇宙,/ Spider-Man: Into the Spider-Verse,8.6,761648,鲍勃·佩尔西凯蒂 Bob Persichetti / 彼得·拉姆齐 Peter Ramsey   主...,,,https://movie.douban.com/subject/26374197/,2018,116分钟(中国大陆),动作/科幻/动画/冒险,,
244,攻壳机动队,/ 攻殻機動隊,9.0,220553,押井守 Mamoru Oshii,田中敦子 Atsuko Tanaka / 大冢明夫 Akio...,,https://movie.douban.com/subject/1291936/,1995,83分钟,动作/科幻/动画,,
245,血钻,/ Blood Diamond,8.7,424176,爱德华·兹威克 Edward Zwick,莱昂纳多·迪卡普里奥 Leonardo ...,每个美丽事物背后都是滴血的现实。,https://movie.douban.com/subject/1428175/,2006,143分钟,剧情/惊悚/冒险,,
246,小姐,/ 아가씨,8.5,582411,朴赞郁 Chan-wook Park,金敏喜 Min-hee Kim / 金泰梨 Tae-ri K...,,https://movie.douban.com/subject/25977027/,2016,145分钟,剧情/悬疑/情色/同性,,
247,隐藏人物,/ Hidden Figures,8.9,275597,特奥多尔·梅尔菲 Theodore Melfi,塔拉吉·P·汉森 Taraji P. ...,,https://movie.douban.com/subject/26615208/,2016,127分钟,剧情/传记/历史,,
248,血观音,/ 血觀音,8.6,570051,杨雅喆 Ya-che Yang,惠英红 Kara Wai Ying Hung / 吴可熙 Wu K...,,https://movie.douban.com/subject/27113517/,2017,112分钟,剧情/悬疑,,
249,魂断蓝桥,/ Waterloo Bridge,8.8,312438,茂文·勒鲁瓦 Mervyn LeRoy,费雯·丽 Vivien Leigh / 罗伯特·...,,https://movie.douban.com/subject/1293964/,1940,108分钟,剧情/爱情/战争,,
250,房间,/ Room,8.7,401799,伦尼·阿伯拉罕森 Lenny Abrahamson,布丽·拉尔森 Brie Larson...,被偷走的岁月，被伤害的生命，被禁锢的灵魂，终将被希望和善意救赎。,https://movie.douban.com/subject/25724855/,2015,118分钟,剧情/家庭,,
